id,data,type,timestamp
1,1.0,powerfactor,2022-10-19 17:38:19.540528 UTC
1,24.48,temperature,2022-10-19 17:49:19.564174 UTC
1,71.67,hydraulicpressure,2022-10-19 17:53:26.685818 UTC
2,0.83,powerfactor,2022-10-19 17:38:20.041683 UTC
2,22.71,temperature,2022-10-19 17:49:20.066039 UTC
2,70.91,hydraulicpressure,2022-10-19 17:53:27.187761 UTC
3,0.94,powerfactor,2022-10-19 17:38:20.542222 UTC
3,24.23,temperature,2022-10-19 17:49:20.566750 UTC
3,71.17,hydraulicpressure,2022-10-19 17:53:27.689692 UTC
4,0.86,powerfactor,2022-10-19 17:38:21.043251 UTC
4,21.41,temperature,2022-10-19 17:49:21.067522 UTC
4,76.82,hydraulicpressure,2022-10-19 17:53:28.191926 UTC
5,0.77,powerfactor,2022-10-19 17:38:21.543605 UTC
5,23.31,temperature,2022-10-19 17:49:21.568254 UTC
5,79.39,hydraulicpressure,2022-10-19 17:53:28.692742 UTC
6,0.81,powerfactor,2022-10-19 17:38:22.044152 UTC
6,21.7,temperature,2022-10-19 17:49:22.068979 UTC
6,76.02,hydraulicpressure,2022-10-19 17:53:29.193557 UTC
7,0.82,powerfactor,2022-10-19 17:38:22.545051 UTC
7,20.88,temperature,2022-10-19 17:49:22.569704 UTC
7,77.52,hydraulicpressure,2022-10-19 17:53:29.694548 UTC
8,0.77,powerfactor,2022-10-19 17:38:23.045918 UTC
8,23.48,temperature,2022-10-19 17:49:23.070423 UTC
8,70.94,hydraulicpressure,2022-10-19 17:53:30.195366 UTC
9,0.76,powerfactor,2022-10-19 17:38:23.546770 UTC
9,20.18,temperature,2022-10-19 17:49:23.571205 UTC
9,71.9,hydraulicpressure,2022-10-19 17:53:30.696276 UTC
10,0.94,powerfactor,2022-10-19 17:38:24.047580 UTC
10,23.95,temperature,2022-10-19 17:49:24.071932 UTC
10,73.42,hydraulicpressure,2022-10-19 17:53:31.197163 UTC
11,0.91,powerfactor,2022-10-19 17:38:24.548233 UTC
11,24.13,temperature,2022-10-19 17:49:24.572624 UTC
11,70.51,hydraulicpressure,2022-10-19 17:53:31.697773 UTC
12,0.83,powerfactor,2022-10-19 17:38:25.049237 UTC
12,20.88,temperature,2022-10-19 17:49:25.073319 UTC
12,79.9,hydraulicpressure,2022-10-19 17:53:32.198746 UTC
13,0.9,powerfactor,2022-10-19 17:38:25.550140 UTC
13,24.5,temperature,2022-10-19 17:49:25.573766 UTC
13,70.24,hydraulicpressure,2022-10-19 17:53:32.699626 UTC
14,0.89,powerfactor,2022-10-19 17:38:26.051019 UTC
14,21.24,temperature,2022-10-19 17:49:26.074466 UTC
14,75.15,hydraulicpressure,2022-10-19 17:53:33.200406 UTC
15,0.84,powerfactor,2022-10-19 17:38:26.551777 UTC
15,21.16,temperature,2022-10-19 17:49:26.575163 UTC
15,73.86,hydraulicpressure,2022-10-19 17:53:33.701232 UTC
16,0.97,powerfactor,2022-10-19 17:38:27.052579 UTC
16,20.13,temperature,2022-10-19 17:49:27.075855 UTC
16,73.38,hydraulicpressure,2022-10-19 17:53:34.201676 UTC
17,0.79,powerfactor,2022-10-19 17:38:27.553416 UTC
17,22.07,temperature,2022-10-19 17:49:27.576547 UTC
17,70.86,hydraulicpressure,2022-10-19 17:53:34.702528 UTC
18,0.76,powerfactor,2022-10-19 17:38:28.054263 UTC
18,24.3,temperature,2022-10-19 17:49:28.077056 UTC
18,71.04,hydraulicpressure,2022-10-19 17:53:35.203332 UTC
19,0.74,powerfactor,2022-10-19 17:38:28.555166 UTC
19,22.76,temperature,2022-10-19 17:49:28.577749 UTC
19,71.27,hydraulicpressure,2022-10-19 17:53:35.704129 UTC
20,0.87,powerfactor,2022-10-19 17:38:29.056052 UTC
20,22.07,temperature,2022-10-19 17:49:29.078069 UTC
20,75.55,hydraulicpressure,2022-10-19 17:53:36.204919 UTC
21,0.73,powerfactor,2022-10-19 17:38:29.557018 UTC
21,21.93,temperature,2022-10-19 17:49:29.578759 UTC
21,73.22,hydraulicpressure,2022-10-19 17:53:36.705698 UTC
22,0.88,powerfactor,2022-10-19 17:38:30.057963 UTC
22,20.79,temperature,2022-10-19 17:49:30.079059 UTC
22,71.85,hydraulicpressure,2022-10-19 17:53:37.206464 UTC
23,0.71,powerfactor,2022-10-19 17:38:30.558793 UTC
23,23.63,temperature,2022-10-19 17:49:30.579757 UTC
23,75.31,hydraulicpressure,2022-10-19 17:53:37.707251 UTC
24,0.99,powerfactor,2022-10-19 17:38:31.059576 UTC
24,23.67,temperature,2022-10-19 17:49:31.080474 UTC
24,77.18,hydraulicpressure,2022-10-19 17:53:38.208023 UTC
25,0.99,powerfactor,2022-10-19 17:38:31.560417 UTC
25,21.39,temperature,2022-10-19 17:49:31.581189 UTC
25,70.37,hydraulicpressure,2022-10-19 17:53:38.708700 UTC
26,0.93,powerfactor,2022-10-19 17:38:32.061237 UTC
26,22.47,temperature,2022-10-19 17:49:32.081924 UTC
26,75.57,hydraulicpressure,2022-10-19 17:53:39.209485 UTC
27,1.0,powerfactor,2022-10-19 17:38:32.562179 UTC
27,23.22,temperature,2022-10-19 17:49:32.582656 UTC
27,70.18,hydraulicpressure,2022-10-19 17:53:39.710292 UTC
28,0.93,powerfactor,2022-10-19 17:38:33.063083 UTC
28,21.61,temperature,2022-10-19 17:49:33.083342 UTC
28,76.31,hydraulicpressure,2022-10-19 17:53:40.211034 UTC
29,0.79,powerfactor,2022-10-19 17:38:33.564094 UTC
29,23.11,temperature,2022-10-19 17:49:33.584059 UTC
29,75.33,hydraulicpressure,2022-10-19 17:53:40.711840 UTC
30,0.85,powerfactor,2022-10-19 17:38:34.065194 UTC
30,23.67,temperature,2022-10-19 17:49:34.084774 UTC
30,72.96,hydraulicpressure,2022-10-19 17:53:41.212684 UTC
31,0.78,powerfactor,2022-10-19 17:38:34.566079 UTC
31,24.79,temperature,2022-10-19 17:49:34.585517 UTC
31,78.42,hydraulicpressure,2022-10-19 17:53:41.713438 UTC
32,0.76,powerfactor,2022-10-19 17:38:35.066966 UTC
32,23.82,temperature,2022-10-19 17:49:35.086264 UTC
32,79.77,hydraulicpressure,2022-10-19 17:53:42.214175 UTC
33,0.8,powerfactor,2022-10-19 17:38:35.567972 UTC
33,24.32,temperature,2022-10-19 17:49:35.586970 UTC
33,72.29,hydraulicpressure,2022-10-19 17:53:42.714916 UTC
34,0.73,powerfactor,2022-10-19 17:38:36.069006 UTC
34,24.23,temperature,2022-10-19 17:49:36.087667 UTC
34,76.76,hydraulicpressure,2022-10-19 17:53:43.215619 UTC
35,0.77,powerfactor,2022-10-19 17:38:36.569893 UTC
35,22.64,temperature,2022-10-19 17:49:36.588358 UTC
35,74.28,hydraulicpressure,2022-10-19 17:53:43.716261 UTC
36,0.82,powerfactor,2022-10-19 17:38:37.070671 UTC
36,22.68,temperature,2022-10-19 17:49:37.089060 UTC
36,79.3,hydraulicpressure,2022-10-19 17:53:44.217015 UTC
37,0.77,powerfactor,2022-10-19 17:38:37.571575 UTC
37,23.19,temperature,2022-10-19 17:49:37.589766 UTC
37,71.57,hydraulicpressure,2022-10-19 17:53:44.718032 UTC
38,0.77,powerfactor,2022-10-19 17:38:38.072204 UTC
38,22.39,temperature,2022-10-19 17:49:38.090457 UTC
38,76.35,hydraulicpressure,2022-10-19 17:53:45.218609 UTC
39,0.96,powerfactor,2022-10-19 17:38:38.573161 UTC
39,22.01,temperature,2022-10-19 17:49:38.590745 UTC
39,76.64,hydraulicpressure,2022-10-19 17:53:45.719369 UTC
40,0.82,powerfactor,2022-10-19 17:38:39.075307 UTC
40,24.92,temperature,2022-10-19 17:49:39.091066 UTC
40,77.72,hydraulicpressure,2022-10-19 17:53:46.220070 UTC
41,0.72,powerfactor,2022-10-19 17:38:39.576282 UTC
41,23.55,temperature,2022-10-19 17:49:39.591750 UTC
41,72.95,hydraulicpressure,2022-10-19 17:53:46.720757 UTC
42,0.79,powerfactor,2022-10-19 17:38:40.077207 UTC
42,23.86,temperature,2022-10-19 17:49:40.092033 UTC
42,73.72,hydraulicpressure,2022-10-19 17:53:47.221539 UTC
43,0.99,powerfactor,2022-10-19 17:38:40.578085 UTC
43,24.41,temperature,2022-10-19 17:49:40.592752 UTC
43,74.97,hydraulicpressure,2022-10-19 17:53:47.722292 UTC
44,0.84,powerfactor,2022-10-19 17:38:41.078916 UTC
44,24.53,temperature,2022-10-19 17:49:41.093075 UTC
44,70.96,hydraulicpressure,2022-10-19 17:53:48.222968 UTC
45,0.83,powerfactor,2022-10-19 17:38:41.579807 UTC
45,23.45,temperature,2022-10-19 17:49:41.593754 UTC
45,73.22,hydraulicpressure,2022-10-19 17:53:48.723730 UTC
46,0.92,powerfactor,2022-10-19 17:38:42.080647 UTC
46,24.25,temperature,2022-10-19 17:49:42.094454 UTC
46,74.39,hydraulicpressure,2022-10-19 17:53:49.224497 UTC
47,0.78,powerfactor,2022-10-19 17:38:42.581454 UTC
47,21.9,temperature,2022-10-19 17:49:42.595167 UTC
47,72.71,hydraulicpressure,2022-10-19 17:53:49.725253 UTC
48,0.99,powerfactor,2022-10-19 17:38:43.082303 UTC
48,23.13,temperature,2022-10-19 17:49:43.095830 UTC
48,73.68,hydraulicpressure,2022-10-19 17:53:50.225612 UTC
49,0.83,powerfactor,2022-10-19 17:38:43.583144 UTC
49,24.88,temperature,2022-10-19 17:49:43.596107 UTC
49,77.58,hydraulicpressure,2022-10-19 17:53:50.726334 UTC
50,0.78,powerfactor,2022-10-19 17:38:44.083945 UTC
50,21.37,temperature,2022-10-19 17:49:44.097681 UTC
50,78.76,hydraulicpressure,2022-10-19 17:53:51.227179 UTC
51,0.91,powerfactor,2022-10-19 17:38:44.584861 UTC
51,20.83,temperature,2022-10-19 17:49:44.598367 UTC
51,74.71,hydraulicpressure,2022-10-19 17:53:51.727715 UTC
52,0.72,powerfactor,2022-10-19 17:38:45.085820 UTC
52,20.59,temperature,2022-10-19 17:49:45.099097 UTC
52,75.19,hydraulicpressure,2022-10-19 17:53:52.228584 UTC
53,0.73,powerfactor,2022-10-19 17:38:45.586755 UTC
53,24.04,temperature,2022-10-19 17:49:45.599784 UTC
53,72.61,hydraulicpressure,2022-10-19 17:53:52.729370 UTC
54,0.88,powerfactor,2022-10-19 17:38:46.087721 UTC
54,24.53,temperature,2022-10-19 17:49:46.100486 UTC
54,70.58,hydraulicpressure,2022-10-19 17:53:53.230116 UTC
55,0.84,powerfactor,2022-10-19 17:38:46.588692 UTC
55,21.95,temperature,2022-10-19 17:49:46.600921 UTC
55,76.06,hydraulicpressure,2022-10-19 17:53:53.730616 UTC
56,0.95,powerfactor,2022-10-19 17:38:47.089616 UTC
56,23.16,temperature,2022-10-19 17:49:47.101609 UTC
56,77.91,hydraulicpressure,2022-10-19 17:53:54.231528 UTC
57,1.0,powerfactor,2022-10-19 17:38:47.590459 UTC
57,24.16,temperature,2022-10-19 17:49:47.602317 UTC
57,74.16,hydraulicpressure,2022-10-19 17:53:54.732462 UTC
58,0.82,powerfactor,2022-10-19 17:38:48.091269 UTC
58,22.72,temperature,2022-10-19 17:49:48.103066 UTC
58,79.42,hydraulicpressure,2022-10-19 17:53:55.233254 UTC
59,0.92,powerfactor,2022-10-19 17:38:48.592110 UTC
59,22.89,temperature,2022-10-19 17:49:48.603820 UTC
59,78.97,hydraulicpressure,2022-10-19 17:53:55.733758 UTC
60,0.88,powerfactor,2022-10-19 17:38:49.093048 UTC
60,20.77,temperature,2022-10-19 17:49:49.108817 UTC
60,77.89,hydraulicpressure,2022-10-19 17:53:56.234557 UTC
61,0.99,powerfactor,2022-10-19 17:38:49.594069 UTC
61,22.74,temperature,2022-10-19 17:49:49.609124 UTC
61,79.74,hydraulicpressure,2022-10-19 17:53:56.735317 UTC
62,0.74,powerfactor,2022-10-19 17:38:50.095048 UTC
62,20.95,temperature,2022-10-19 17:49:50.109843 UTC
62,71.56,hydraulicpressure,2022-10-19 17:53:57.236099 UTC
63,0.92,powerfactor,2022-10-19 17:38:50.595896 UTC
63,22.08,temperature,2022-10-19 17:49:50.610591 UTC
63,73.65,hydraulicpressure,2022-10-19 17:53:57.736850 UTC
64,0.79,powerfactor,2022-10-19 17:38:51.096726 UTC
64,23.24,temperature,2022-10-19 17:49:51.111319 UTC
64,77.49,hydraulicpressure,2022-10-19 17:53:58.237745 UTC
65,0.8,powerfactor,2022-10-19 17:38:51.597674 UTC
65,21.76,temperature,2022-10-19 17:49:51.612054 UTC
65,71.23,hydraulicpressure,2022-10-19 17:53:58.738349 UTC
66,0.89,powerfactor,2022-10-19 17:38:52.098526 UTC
66,20.4,temperature,2022-10-19 17:49:52.112768 UTC
66,75.16,hydraulicpressure,2022-10-19 17:53:59.239218 UTC
67,0.74,powerfactor,2022-10-19 17:38:52.599341 UTC
67,24.45,temperature,2022-10-19 17:49:52.613508 UTC
67,76.54,hydraulicpressure,2022-10-19 17:53:59.739983 UTC
68,1.0,powerfactor,2022-10-19 17:38:53.100238 UTC
68,23.42,temperature,2022-10-19 17:49:53.114218 UTC
68,74.3,hydraulicpressure,2022-10-19 17:54:00.240717 UTC
69,0.78,powerfactor,2022-10-19 17:38:53.601074 UTC
69,20.86,temperature,2022-10-19 17:49:53.614979 UTC
69,76.39,hydraulicpressure,2022-10-19 17:54:00.741485 UTC
70,0.98,powerfactor,2022-10-19 17:38:54.102007 UTC
70,20.03,temperature,2022-10-19 17:49:54.115696 UTC
70,77.58,hydraulicpressure,2022-10-19 17:54:01.242474 UTC
71,0.86,powerfactor,2022-10-19 17:38:54.603003 UTC
71,20.12,temperature,2022-10-19 17:49:54.616429 UTC
71,72.53,hydraulicpressure,2022-10-19 17:54:01.743386 UTC
72,0.83,powerfactor,2022-10-19 17:38:55.104067 UTC
72,21.04,temperature,2022-10-19 17:49:55.117169 UTC
72,75.85,hydraulicpressure,2022-10-19 17:54:02.244261 UTC
73,0.82,powerfactor,2022-10-19 17:38:55.604968 UTC
73,23.71,temperature,2022-10-19 17:49:55.617963 UTC
73,70.69,hydraulicpressure,2022-10-19 17:54:02.745042 UTC
74,0.99,powerfactor,2022-10-19 17:38:56.106690 UTC
74,22.15,temperature,2022-10-19 17:49:56.118254 UTC
74,73.59,hydraulicpressure,2022-10-19 17:54:03.245864 UTC
75,0.83,powerfactor,2022-10-19 17:38:56.607554 UTC
75,20.6,temperature,2022-10-19 17:49:56.618980 UTC
75,75.88,hydraulicpressure,2022-10-19 17:54:03.746621 UTC
76,0.72,powerfactor,2022-10-19 17:38:57.108376 UTC
76,20.52,temperature,2022-10-19 17:49:57.119956 UTC
76,70.99,hydraulicpressure,2022-10-19 17:54:04.247490 UTC
77,1.0,powerfactor,2022-10-19 17:38:57.609223 UTC
77,23.74,temperature,2022-10-19 17:49:57.620933 UTC
77,78.06,hydraulicpressure,2022-10-19 17:54:04.748440 UTC
78,0.93,powerfactor,2022-10-19 17:38:58.110088 UTC
78,22.71,temperature,2022-10-19 17:49:58.121845 UTC
78,71.58,hydraulicpressure,2022-10-19 17:54:05.249322 UTC
79,0.97,powerfactor,2022-10-19 17:38:58.610993 UTC
79,22.28,temperature,2022-10-19 17:49:58.622586 UTC
79,76.28,hydraulicpressure,2022-10-19 17:54:05.749654 UTC
80,0.88,powerfactor,2022-10-19 17:38:59.111862 UTC
80,20.4,temperature,2022-10-19 17:49:59.123159 UTC
80,78.81,hydraulicpressure,2022-10-19 17:54:06.250566 UTC
81,0.95,powerfactor,2022-10-19 17:38:59.612659 UTC
81,23.39,temperature,2022-10-19 17:49:59.623932 UTC
81,78.52,hydraulicpressure,2022-10-19 17:54:06.751344 UTC
82,0.79,powerfactor,2022-10-19 17:39:00.113405 UTC
82,23.9,temperature,2022-10-19 17:50:00.124715 UTC
82,72.83,hydraulicpressure,2022-10-19 17:54:07.252176 UTC
83,0.93,powerfactor,2022-10-19 17:39:00.614215 UTC
83,22.69,temperature,2022-10-19 17:50:00.625506 UTC
83,74.31,hydraulicpressure,2022-10-19 17:54:07.752972 UTC
84,0.76,powerfactor,2022-10-19 17:39:01.115056 UTC
84,23.14,temperature,2022-10-19 17:50:01.126234 UTC
84,74.54,hydraulicpressure,2022-10-19 17:54:08.253669 UTC
85,0.74,powerfactor,2022-10-19 17:39:01.616050 UTC
85,21.74,temperature,2022-10-19 17:50:01.627068 UTC
85,79.77,hydraulicpressure,2022-10-19 17:54:08.754495 UTC
86,0.8,powerfactor,2022-10-19 17:39:02.116867 UTC
86,23.03,temperature,2022-10-19 17:50:02.127781 UTC
86,79.66,hydraulicpressure,2022-10-19 17:54:09.255322 UTC
87,0.86,powerfactor,2022-10-19 17:39:02.617274 UTC
87,23.1,temperature,2022-10-19 17:50:02.628501 UTC
87,71.18,hydraulicpressure,2022-10-19 17:54:09.756117 UTC
88,0.72,powerfactor,2022-10-19 17:39:03.118151 UTC
88,20.18,temperature,2022-10-19 17:50:03.129222 UTC
88,77.42,hydraulicpressure,2022-10-19 17:54:10.256891 UTC
89,0.92,powerfactor,2022-10-19 17:39:03.619057 UTC
89,24.66,temperature,2022-10-19 17:50:03.629975 UTC
89,77.16,hydraulicpressure,2022-10-19 17:54:10.757725 UTC
90,0.86,powerfactor,2022-10-19 17:39:04.119897 UTC
90,21.53,temperature,2022-10-19 17:50:04.130912 UTC
90,70.07,hydraulicpressure,2022-10-19 17:54:11.258514 UTC
91,0.87,powerfactor,2022-10-19 17:39:04.620733 UTC
91,20.98,temperature,2022-10-19 17:50:04.631679 UTC
91,74.52,hydraulicpressure,2022-10-19 17:54:11.759304 UTC
92,0.74,powerfactor,2022-10-19 17:39:05.121550 UTC
92,21.36,temperature,2022-10-19 17:50:05.132379 UTC
92,72.83,hydraulicpressure,2022-10-19 17:54:12.259674 UTC
93,0.82,powerfactor,2022-10-19 17:39:05.622360 UTC
93,23.69,temperature,2022-10-19 17:50:05.633098 UTC
93,78.88,hydraulicpressure,2022-10-19 17:54:12.760463 UTC
94,0.83,powerfactor,2022-10-19 17:39:06.123191 UTC
94,24.68,temperature,2022-10-19 17:50:06.133819 UTC
94,75.51,hydraulicpressure,2022-10-19 17:54:13.261270 UTC
95,0.77,powerfactor,2022-10-19 17:39:06.624043 UTC
95,22.34,temperature,2022-10-19 17:50:06.634570 UTC
95,78.96,hydraulicpressure,2022-10-19 17:54:13.761771 UTC
96,0.98,powerfactor,2022-10-19 17:39:07.124860 UTC
96,22.74,temperature,2022-10-19 17:50:07.135265 UTC
96,72.28,hydraulicpressure,2022-10-19 17:54:14.262712 UTC
97,0.84,powerfactor,2022-10-19 17:39:07.625679 UTC
97,24.69,temperature,2022-10-19 17:50:07.636082 UTC
97,70.8,hydraulicpressure,2022-10-19 17:54:14.763533 UTC
98,0.75,powerfactor,2022-10-19 17:39:08.126512 UTC
98,21.13,temperature,2022-10-19 17:50:08.136831 UTC
98,75.75,hydraulicpressure,2022-10-19 17:54:15.264326 UTC
99,0.71,powerfactor,2022-10-19 17:39:08.627299 UTC
99,22.2,temperature,2022-10-19 17:50:08.637557 UTC
99,72.84,hydraulicpressure,2022-10-19 17:54:15.765152 UTC
100,0.87,powerfactor,2022-10-19 17:39:09.128190 UTC
100,24.38,temperature,2022-10-19 17:50:09.138298 UTC
100,79.63,hydraulicpressure,2022-10-19 17:54:16.265674 UTC
101,0.9,powerfactor,2022-10-19 17:39:09.629143 UTC
101,24.19,temperature,2022-10-19 17:50:09.639107 UTC
101,77.03,hydraulicpressure,2022-10-19 17:54:16.766787 UTC
102,0.86,powerfactor,2022-10-19 17:39:10.130075 UTC
102,21.56,temperature,2022-10-19 17:50:10.139824 UTC
102,72.78,hydraulicpressure,2022-10-19 17:54:17.267607 UTC
103,0.78,powerfactor,2022-10-19 17:39:10.631085 UTC
103,24.22,temperature,2022-10-19 17:50:10.640595 UTC
103,70.84,hydraulicpressure,2022-10-19 17:54:17.768555 UTC
104,0.88,powerfactor,2022-10-19 17:39:11.131960 UTC
104,24.08,temperature,2022-10-19 17:50:11.141315 UTC
104,74.93,hydraulicpressure,2022-10-19 17:54:18.269385 UTC
105,0.92,powerfactor,2022-10-19 17:39:11.632798 UTC
105,24.31,temperature,2022-10-19 17:50:11.642061 UTC
105,77.08,hydraulicpressure,2022-10-19 17:54:18.770222 UTC
106,0.77,powerfactor,2022-10-19 17:39:12.133576 UTC
106,24.63,temperature,2022-10-19 17:50:12.142787 UTC
106,71.05,hydraulicpressure,2022-10-19 17:54:19.271008 UTC
107,0.99,powerfactor,2022-10-19 17:39:12.634439 UTC
107,24.81,temperature,2022-10-19 17:50:12.643554 UTC
107,79.05,hydraulicpressure,2022-10-19 17:54:19.771800 UTC
108,0.99,powerfactor,2022-10-19 17:39:13.135385 UTC
108,20.79,temperature,2022-10-19 17:50:13.144244 UTC
108,72.97,hydraulicpressure,2022-10-19 17:54:20.272590 UTC
109,0.71,powerfactor,2022-10-19 17:39:13.636293 UTC
109,21.51,temperature,2022-10-19 17:50:13.644995 UTC
109,77.4,hydraulicpressure,2022-10-19 17:54:20.773452 UTC
110,0.79,powerfactor,2022-10-19 17:39:14.137179 UTC
110,22.56,temperature,2022-10-19 17:50:14.145746 UTC
110,70.48,hydraulicpressure,2022-10-19 17:54:21.274263 UTC
111,0.94,powerfactor,2022-10-19 17:39:14.637955 UTC
111,21.45,temperature,2022-10-19 17:50:14.646119 UTC
111,73.42,hydraulicpressure,2022-10-19 17:54:21.775050 UTC
112,0.83,powerfactor,2022-10-19 17:39:15.138744 UTC
112,21.93,temperature,2022-10-19 17:50:15.146822 UTC
112,74.37,hydraulicpressure,2022-10-19 17:54:22.275849 UTC
113,0.92,powerfactor,2022-10-19 17:39:15.639191 UTC
113,24.34,temperature,2022-10-19 17:50:15.647528 UTC
113,71.75,hydraulicpressure,2022-10-19 17:54:22.776638 UTC
114,0.92,powerfactor,2022-10-19 17:39:16.140150 UTC
114,21.78,temperature,2022-10-19 17:50:16.148212 UTC
114,75.99,hydraulicpressure,2022-10-19 17:54:23.279648 UTC
115,0.91,powerfactor,2022-10-19 17:39:16.641071 UTC
115,24.77,temperature,2022-10-19 17:50:16.648969 UTC
115,79.73,hydraulicpressure,2022-10-19 17:54:23.780533 UTC
116,0.92,powerfactor,2022-10-19 17:39:17.142072 UTC
116,22.72,temperature,2022-10-19 17:50:17.149654 UTC
116,78.42,hydraulicpressure,2022-10-19 17:54:24.281361 UTC
117,0.73,powerfactor,2022-10-19 17:39:17.642908 UTC
117,20.49,temperature,2022-10-19 17:50:17.650370 UTC
117,77.6,hydraulicpressure,2022-10-19 17:54:24.782160 UTC
118,0.74,powerfactor,2022-10-19 17:39:18.143821 UTC
118,21.67,temperature,2022-10-19 17:50:18.151101 UTC
118,76.49,hydraulicpressure,2022-10-19 17:54:25.282965 UTC
119,0.74,powerfactor,2022-10-19 17:39:18.644613 UTC
119,24.27,temperature,2022-10-19 17:50:18.651823 UTC
119,75.66,hydraulicpressure,2022-10-19 17:54:25.783913 UTC
120,0.84,powerfactor,2022-10-19 17:39:19.145460 UTC
120,20.06,temperature,2022-10-19 17:50:19.152498 UTC
120,70.57,hydraulicpressure,2022-10-19 17:54:26.284718 UTC
121,0.86,powerfactor,2022-10-19 17:39:19.646237 UTC
121,22.8,temperature,2022-10-19 17:50:19.653196 UTC
121,71.18,hydraulicpressure,2022-10-19 17:54:26.785614 UTC
122,0.99,powerfactor,2022-10-19 17:39:20.147082 UTC
122,22.56,temperature,2022-10-19 17:50:20.153881 UTC
122,72.33,hydraulicpressure,2022-10-19 17:54:27.286401 UTC
123,0.96,powerfactor,2022-10-19 17:39:20.647977 UTC
123,24.1,temperature,2022-10-19 17:50:20.654807 UTC
123,70.28,hydraulicpressure,2022-10-19 17:54:27.787432 UTC
124,0.99,powerfactor,2022-10-19 17:39:21.148784 UTC
124,23.36,temperature,2022-10-19 17:50:21.155081 UTC
124,73.0,hydraulicpressure,2022-10-19 17:54:28.288310 UTC
125,0.77,powerfactor,2022-10-19 17:39:21.649710 UTC
125,21.16,temperature,2022-10-19 17:50:21.655823 UTC
125,71.62,hydraulicpressure,2022-10-19 17:54:28.789208 UTC
126,0.93,powerfactor,2022-10-19 17:39:22.150585 UTC
126,22.32,temperature,2022-10-19 17:50:22.156524 UTC
126,79.55,hydraulicpressure,2022-10-19 17:54:29.289687 UTC
127,0.78,powerfactor,2022-10-19 17:39:22.651487 UTC
127,22.62,temperature,2022-10-19 17:50:22.657239 UTC
127,74.25,hydraulicpressure,2022-10-19 17:54:29.790564 UTC
128,0.78,powerfactor,2022-10-19 17:39:23.152330 UTC
128,22.28,temperature,2022-10-19 17:50:23.158016 UTC
128,77.94,hydraulicpressure,2022-10-19 17:54:30.291332 UTC
129,0.76,powerfactor,2022-10-19 17:39:23.653148 UTC
129,22.56,temperature,2022-10-19 17:50:23.658711 UTC
129,77.53,hydraulicpressure,2022-10-19 17:54:30.792130 UTC
130,0.91,powerfactor,2022-10-19 17:39:24.154045 UTC
130,22.01,temperature,2022-10-19 17:50:24.159413 UTC
130,77.63,hydraulicpressure,2022-10-19 17:54:31.292889 UTC
131,0.87,powerfactor,2022-10-19 17:39:24.654985 UTC
131,21.85,temperature,2022-10-19 17:50:24.660122 UTC
131,72.26,hydraulicpressure,2022-10-19 17:54:31.793702 UTC
132,0.92,powerfactor,2022-10-19 17:39:25.156290 UTC
132,23.22,temperature,2022-10-19 17:50:25.160793 UTC
132,71.08,hydraulicpressure,2022-10-19 17:54:32.294506 UTC
133,0.94,powerfactor,2022-10-19 17:39:25.657218 UTC
133,23.14,temperature,2022-10-19 17:50:25.661538 UTC
133,71.69,hydraulicpressure,2022-10-19 17:54:32.795295 UTC
134,0.85,powerfactor,2022-10-19 17:39:26.158289 UTC
134,23.45,temperature,2022-10-19 17:50:26.162214 UTC
134,76.99,hydraulicpressure,2022-10-19 17:54:33.295677 UTC
135,0.79,powerfactor,2022-10-19 17:39:26.659116 UTC
135,22.03,temperature,2022-10-19 17:50:26.663075 UTC
135,77.43,hydraulicpressure,2022-10-19 17:54:33.796539 UTC
136,1.0,powerfactor,2022-10-19 17:39:27.159988 UTC
136,22.14,temperature,2022-10-19 17:50:27.163764 UTC
136,75.57,hydraulicpressure,2022-10-19 17:54:34.297332 UTC
137,0.87,powerfactor,2022-10-19 17:39:27.660862 UTC
137,22.05,temperature,2022-10-19 17:50:27.664483 UTC
137,77.05,hydraulicpressure,2022-10-19 17:54:34.798128 UTC
138,0.72,powerfactor,2022-10-19 17:39:28.161672 UTC
138,22.35,temperature,2022-10-19 17:50:28.165108 UTC
138,73.54,hydraulicpressure,2022-10-19 17:54:35.298895 UTC
139,0.92,powerfactor,2022-10-19 17:39:28.662515 UTC
139,22.52,temperature,2022-10-19 17:50:28.665888 UTC
139,70.09,hydraulicpressure,2022-10-19 17:54:35.799678 UTC
140,0.7,powerfactor,2022-10-19 17:39:29.163325 UTC
140,24.08,temperature,2022-10-19 17:50:29.166694 UTC
140,77.1,hydraulicpressure,2022-10-19 17:54:36.300587 UTC
141,0.75,powerfactor,2022-10-19 17:39:29.664224 UTC
141,21.85,temperature,2022-10-19 17:50:29.667375 UTC
141,78.21,hydraulicpressure,2022-10-19 17:54:36.801606 UTC
142,0.97,powerfactor,2022-10-19 17:39:30.165132 UTC
142,22.76,temperature,2022-10-19 17:50:30.168114 UTC
142,79.99,hydraulicpressure,2022-10-19 17:54:37.302487 UTC
143,0.99,powerfactor,2022-10-19 17:39:30.666040 UTC
143,22.24,temperature,2022-10-19 17:50:30.668864 UTC
143,75.16,hydraulicpressure,2022-10-19 17:54:37.803376 UTC
144,0.82,powerfactor,2022-10-19 17:39:31.166855 UTC
144,24.93,temperature,2022-10-19 17:50:31.169561 UTC
144,78.12,hydraulicpressure,2022-10-19 17:54:38.304268 UTC
145,0.88,powerfactor,2022-10-19 17:39:31.667693 UTC
145,24.23,temperature,2022-10-19 17:50:31.670275 UTC
145,73.15,hydraulicpressure,2022-10-19 17:54:38.805187 UTC
146,0.94,powerfactor,2022-10-19 17:39:32.168563 UTC
146,22.66,temperature,2022-10-19 17:50:32.170982 UTC
146,73.24,hydraulicpressure,2022-10-19 17:54:39.306087 UTC
147,0.96,powerfactor,2022-10-19 17:39:32.669512 UTC
147,21.82,temperature,2022-10-19 17:50:32.671515 UTC
147,77.51,hydraulicpressure,2022-10-19 17:54:39.806657 UTC
148,0.87,powerfactor,2022-10-19 17:39:33.170783 UTC
148,21.15,temperature,2022-10-19 17:50:33.172077 UTC
148,72.89,hydraulicpressure,2022-10-19 17:54:40.307491 UTC
149,0.96,powerfactor,2022-10-19 17:39:33.671725 UTC
149,24.35,temperature,2022-10-19 17:50:33.672856 UTC
149,71.28,hydraulicpressure,2022-10-19 17:54:40.808302 UTC
150,0.93,powerfactor,2022-10-19 17:39:34.172690 UTC
150,21.09,temperature,2022-10-19 17:50:34.173554 UTC
150,77.38,hydraulicpressure,2022-10-19 17:54:41.309007 UTC
151,0.89,powerfactor,2022-10-19 17:39:34.673686 UTC
151,20.53,temperature,2022-10-19 17:50:34.674278 UTC
151,78.96,hydraulicpressure,2022-10-19 17:54:41.809775 UTC
152,0.89,powerfactor,2022-10-19 17:39:35.174651 UTC
152,20.86,temperature,2022-10-19 17:50:35.174656 UTC
152,77.86,hydraulicpressure,2022-10-19 17:54:42.310577 UTC
153,0.76,powerfactor,2022-10-19 17:39:35.675624 UTC
153,24.3,temperature,2022-10-19 17:50:35.675062 UTC
153,77.01,hydraulicpressure,2022-10-19 17:54:42.811321 UTC
154,0.74,powerfactor,2022-10-19 17:39:36.176623 UTC
154,23.9,temperature,2022-10-19 17:50:36.175806 UTC
154,78.2,hydraulicpressure,2022-10-19 17:54:43.312086 UTC
155,0.77,powerfactor,2022-10-19 17:39:36.677568 UTC
155,24.12,temperature,2022-10-19 17:50:36.676499 UTC
155,76.55,hydraulicpressure,2022-10-19 17:54:43.812883 UTC
156,0.93,powerfactor,2022-10-19 17:39:37.178404 UTC
156,20.45,temperature,2022-10-19 17:50:37.177238 UTC
156,72.92,hydraulicpressure,2022-10-19 17:54:44.313637 UTC
157,0.92,powerfactor,2022-10-19 17:39:37.679313 UTC
157,20.41,temperature,2022-10-19 17:50:37.678039 UTC
157,73.68,hydraulicpressure,2022-10-19 17:54:44.814402 UTC
158,0.86,powerfactor,2022-10-19 17:39:38.180194 UTC
158,23.95,temperature,2022-10-19 17:50:38.178849 UTC
158,76.97,hydraulicpressure,2022-10-19 17:54:45.315333 UTC
159,0.78,powerfactor,2022-10-19 17:39:38.681150 UTC
159,22.1,temperature,2022-10-19 17:50:38.679832 UTC
159,72.33,hydraulicpressure,2022-10-19 17:54:45.816213 UTC
160,0.77,powerfactor,2022-10-19 17:39:39.182093 UTC
160,23.27,temperature,2022-10-19 17:50:39.180599 UTC
160,76.16,hydraulicpressure,2022-10-19 17:54:46.317069 UTC
161,0.97,powerfactor,2022-10-19 17:39:39.683438 UTC
161,21.08,temperature,2022-10-19 17:50:39.681302 UTC
161,70.63,hydraulicpressure,2022-10-19 17:54:46.817959 UTC
162,0.89,powerfactor,2022-10-19 17:39:40.184307 UTC
162,22.88,temperature,2022-10-19 17:50:40.182021 UTC
162,75.91,hydraulicpressure,2022-10-19 17:54:47.318774 UTC
163,0.88,powerfactor,2022-10-19 17:39:40.685181 UTC
163,21.45,temperature,2022-10-19 17:50:40.682723 UTC
163,79.54,hydraulicpressure,2022-10-19 17:54:47.819621 UTC
164,0.74,powerfactor,2022-10-19 17:39:41.186082 UTC
164,23.21,temperature,2022-10-19 17:50:41.183420 UTC
164,78.51,hydraulicpressure,2022-10-19 17:54:48.320512 UTC
165,0.82,powerfactor,2022-10-19 17:39:41.686843 UTC
165,22.2,temperature,2022-10-19 17:50:41.684115 UTC
165,71.56,hydraulicpressure,2022-10-19 17:54:48.821369 UTC
166,0.79,powerfactor,2022-10-19 17:39:42.187752 UTC
166,22.09,temperature,2022-10-19 17:50:42.184839 UTC
166,70.76,hydraulicpressure,2022-10-19 17:54:49.322199 UTC
167,0.77,powerfactor,2022-10-19 17:39:42.688698 UTC
167,22.96,temperature,2022-10-19 17:50:42.685554 UTC
167,76.13,hydraulicpressure,2022-10-19 17:54:49.822987 UTC
168,0.95,powerfactor,2022-10-19 17:39:43.189585 UTC
168,21.29,temperature,2022-10-19 17:50:43.186275 UTC
168,70.78,hydraulicpressure,2022-10-19 17:54:50.323774 UTC
169,0.81,powerfactor,2022-10-19 17:39:43.690610 UTC
169,24.64,temperature,2022-10-19 17:50:43.687028 UTC
169,76.91,hydraulicpressure,2022-10-19 17:54:50.824585 UTC
170,0.81,powerfactor,2022-10-19 17:39:44.191506 UTC
170,24.49,temperature,2022-10-19 17:50:44.187792 UTC
170,74.65,hydraulicpressure,2022-10-19 17:54:51.325516 UTC
171,0.96,powerfactor,2022-10-19 17:39:44.692441 UTC
171,23.5,temperature,2022-10-19 17:50:44.688227 UTC
171,77.21,hydraulicpressure,2022-10-19 17:54:51.826400 UTC
172,1.0,powerfactor,2022-10-19 17:39:45.193248 UTC
172,22.94,temperature,2022-10-19 17:50:45.189007 UTC
172,77.84,hydraulicpressure,2022-10-19 17:54:52.327337 UTC
173,0.86,powerfactor,2022-10-19 17:39:45.694143 UTC
173,22.83,temperature,2022-10-19 17:50:45.689780 UTC
173,72.13,hydraulicpressure,2022-10-19 17:54:52.828261 UTC
174,0.92,powerfactor,2022-10-19 17:39:46.195062 UTC
174,21.59,temperature,2022-10-19 17:50:46.190577 UTC
174,71.97,hydraulicpressure,2022-10-19 17:54:53.329136 UTC
175,0.77,powerfactor,2022-10-19 17:39:46.695982 UTC
175,20.39,temperature,2022-10-19 17:50:46.691351 UTC
175,74.93,hydraulicpressure,2022-10-19 17:54:53.830042 UTC
176,0.87,powerfactor,2022-10-19 17:39:47.196819 UTC
176,24.15,temperature,2022-10-19 17:50:47.192082 UTC
176,78.67,hydraulicpressure,2022-10-19 17:54:54.330881 UTC
177,0.76,powerfactor,2022-10-19 17:39:47.697641 UTC
177,23.16,temperature,2022-10-19 17:50:47.692808 UTC
177,72.58,hydraulicpressure,2022-10-19 17:54:54.831737 UTC
178,0.93,powerfactor,2022-10-19 17:39:48.198539 UTC
178,23.99,temperature,2022-10-19 17:50:48.193548 UTC
178,77.73,hydraulicpressure,2022-10-19 17:54:55.332605 UTC
179,0.95,powerfactor,2022-10-19 17:39:48.699369 UTC
179,23.28,temperature,2022-10-19 17:50:48.694283 UTC
179,73.42,hydraulicpressure,2022-10-19 17:54:55.833433 UTC
180,0.88,powerfactor,2022-10-19 17:39:49.200199 UTC
180,24.64,temperature,2022-10-19 17:50:49.195011 UTC
180,75.19,hydraulicpressure,2022-10-19 17:54:56.334212 UTC
181,0.89,powerfactor,2022-10-19 17:39:49.701112 UTC
181,21.31,temperature,2022-10-19 17:50:49.695760 UTC
181,73.47,hydraulicpressure,2022-10-19 17:54:56.834997 UTC
182,0.93,powerfactor,2022-10-19 17:39:50.202000 UTC
182,23.65,temperature,2022-10-19 17:50:50.196541 UTC
182,77.54,hydraulicpressure,2022-10-19 17:54:57.335773 UTC
183,0.87,powerfactor,2022-10-19 17:39:50.702847 UTC
183,24.59,temperature,2022-10-19 17:50:50.697242 UTC
183,71.23,hydraulicpressure,2022-10-19 17:54:57.836561 UTC
184,0.81,powerfactor,2022-10-19 17:39:51.203202 UTC
184,21.36,temperature,2022-10-19 17:50:51.197986 UTC
184,73.44,hydraulicpressure,2022-10-19 17:54:58.337335 UTC
185,0.76,powerfactor,2022-10-19 17:39:51.704355 UTC
185,21.1,temperature,2022-10-19 17:50:51.698707 UTC
185,73.8,hydraulicpressure,2022-10-19 17:54:58.838140 UTC
186,0.78,powerfactor,2022-10-19 17:39:52.205151 UTC
186,20.69,temperature,2022-10-19 17:50:52.199482 UTC
186,74.83,hydraulicpressure,2022-10-19 17:54:59.338936 UTC
187,0.84,powerfactor,2022-10-19 17:39:52.706341 UTC
187,24.89,temperature,2022-10-19 17:50:52.700209 UTC
187,71.49,hydraulicpressure,2022-10-19 17:54:59.839725 UTC
188,0.91,powerfactor,2022-10-19 17:39:53.207169 UTC
188,20.7,temperature,2022-10-19 17:50:53.200965 UTC
188,76.54,hydraulicpressure,2022-10-19 17:55:00.340612 UTC
189,0.97,powerfactor,2022-10-19 17:39:53.708148 UTC
189,23.61,temperature,2022-10-19 17:50:53.701693 UTC
189,76.09,hydraulicpressure,2022-10-19 17:55:00.841374 UTC
190,0.75,powerfactor,2022-10-19 17:39:54.209691 UTC
190,20.33,temperature,2022-10-19 17:50:54.202451 UTC
190,70.86,hydraulicpressure,2022-10-19 17:55:01.342128 UTC
191,0.73,powerfactor,2022-10-19 17:39:54.710641 UTC
191,22.97,temperature,2022-10-19 17:50:54.703201 UTC
191,73.4,hydraulicpressure,2022-10-19 17:55:01.842901 UTC
192,0.96,powerfactor,2022-10-19 17:39:55.211524 UTC
192,20.53,temperature,2022-10-19 17:50:55.204026 UTC
192,73.26,hydraulicpressure,2022-10-19 17:55:02.343651 UTC
193,0.81,powerfactor,2022-10-19 17:39:55.712341 UTC
193,22.72,temperature,2022-10-19 17:50:55.704774 UTC
193,77.61,hydraulicpressure,2022-10-19 17:55:02.844524 UTC
194,0.92,powerfactor,2022-10-19 17:39:56.213199 UTC
194,20.73,temperature,2022-10-19 17:50:56.205481 UTC
194,75.52,hydraulicpressure,2022-10-19 17:55:03.345381 UTC
195,0.84,powerfactor,2022-10-19 17:39:56.714329 UTC
195,20.73,temperature,2022-10-19 17:50:56.706219 UTC
195,78.55,hydraulicpressure,2022-10-19 17:55:03.846175 UTC
196,0.8,powerfactor,2022-10-19 17:39:57.215065 UTC
196,21.57,temperature,2022-10-19 17:50:57.206970 UTC
196,79.35,hydraulicpressure,2022-10-19 17:55:04.346951 UTC
197,0.82,powerfactor,2022-10-19 17:39:57.715612 UTC
197,23.94,temperature,2022-10-19 17:50:57.707707 UTC
197,71.75,hydraulicpressure,2022-10-19 17:55:04.847698 UTC
198,0.74,powerfactor,2022-10-19 17:39:58.216539 UTC
198,24.44,temperature,2022-10-19 17:50:58.208440 UTC
198,74.2,hydraulicpressure,2022-10-19 17:55:05.348551 UTC
199,0.94,powerfactor,2022-10-19 17:39:58.717480 UTC
199,23.26,temperature,2022-10-19 17:50:58.709164 UTC
199,79.98,hydraulicpressure,2022-10-19 17:55:05.849294 UTC
200,0.9,powerfactor,2022-10-19 17:39:59.218451 UTC
200,22.35,temperature,2022-10-19 17:50:59.209878 UTC
200,77.72,hydraulicpressure,2022-10-19 17:55:06.350079 UTC
201,0.82,powerfactor,2022-10-19 17:39:59.719377 UTC
201,20.91,temperature,2022-10-19 17:50:59.710634 UTC
201,75.23,hydraulicpressure,2022-10-19 17:55:06.850680 UTC
202,0.87,powerfactor,2022-10-19 17:40:00.220218 UTC
202,23.79,temperature,2022-10-19 17:51:00.211117 UTC
202,77.78,hydraulicpressure,2022-10-19 17:55:07.351463 UTC
203,0.91,powerfactor,2022-10-19 17:40:00.721119 UTC
203,23.36,temperature,2022-10-19 17:51:00.711844 UTC
203,72.87,hydraulicpressure,2022-10-19 17:55:07.852298 UTC
204,0.84,powerfactor,2022-10-19 17:40:01.222048 UTC
204,21.13,temperature,2022-10-19 17:51:01.212581 UTC
204,74.43,hydraulicpressure,2022-10-19 17:55:08.353069 UTC
205,0.98,powerfactor,2022-10-19 17:40:01.723030 UTC
205,21.99,temperature,2022-10-19 17:51:01.713314 UTC
205,70.33,hydraulicpressure,2022-10-19 17:55:08.853830 UTC
206,0.79,powerfactor,2022-10-19 17:40:02.223917 UTC
206,21.67,temperature,2022-10-19 17:51:02.214073 UTC
206,74.75,hydraulicpressure,2022-10-19 17:55:09.354614 UTC
207,0.82,powerfactor,2022-10-19 17:40:02.724801 UTC
207,21.75,temperature,2022-10-19 17:51:02.714785 UTC
207,74.44,hydraulicpressure,2022-10-19 17:55:09.855349 UTC
208,0.94,powerfactor,2022-10-19 17:40:03.225771 UTC
208,21.01,temperature,2022-10-19 17:51:03.215564 UTC
208,79.93,hydraulicpressure,2022-10-19 17:55:10.356143 UTC
209,0.84,powerfactor,2022-10-19 17:40:03.727413 UTC
209,21.67,temperature,2022-10-19 17:51:03.716305 UTC
209,77.94,hydraulicpressure,2022-10-19 17:55:10.857048 UTC
210,0.95,powerfactor,2022-10-19 17:40:04.228265 UTC
210,22.94,temperature,2022-10-19 17:51:04.217075 UTC
210,77.99,hydraulicpressure,2022-10-19 17:55:11.357931 UTC
211,0.99,powerfactor,2022-10-19 17:40:04.729166 UTC
211,24.73,temperature,2022-10-19 17:51:04.717807 UTC
211,70.65,hydraulicpressure,2022-10-19 17:55:11.858749 UTC
212,0.76,powerfactor,2022-10-19 17:40:05.229983 UTC
212,21.84,temperature,2022-10-19 17:51:05.218537 UTC
212,71.75,hydraulicpressure,2022-10-19 17:55:12.359549 UTC
213,0.71,powerfactor,2022-10-19 17:40:05.730808 UTC
213,21.21,temperature,2022-10-19 17:51:05.719250 UTC
213,76.32,hydraulicpressure,2022-10-19 17:55:12.860333 UTC
214,0.87,powerfactor,2022-10-19 17:40:06.231665 UTC
214,24.64,temperature,2022-10-19 17:51:06.220007 UTC
214,76.56,hydraulicpressure,2022-10-19 17:55:13.361117 UTC
215,0.93,powerfactor,2022-10-19 17:40:06.732615 UTC
215,24.45,temperature,2022-10-19 17:51:06.720755 UTC
215,74.17,hydraulicpressure,2022-10-19 17:55:13.861974 UTC
216,0.73,powerfactor,2022-10-19 17:40:07.233517 UTC
216,24.3,temperature,2022-10-19 17:51:07.221496 UTC
216,70.79,hydraulicpressure,2022-10-19 17:55:14.362750 UTC
217,0.82,powerfactor,2022-10-19 17:40:07.734442 UTC
217,23.12,temperature,2022-10-19 17:51:07.722234 UTC
217,72.82,hydraulicpressure,2022-10-19 17:55:14.863595 UTC
218,0.85,powerfactor,2022-10-19 17:40:08.235362 UTC
218,23.61,temperature,2022-10-19 17:51:08.223009 UTC
218,78.03,hydraulicpressure,2022-10-19 17:55:15.364516 UTC
219,0.94,powerfactor,2022-10-19 17:40:08.736149 UTC
219,24.63,temperature,2022-10-19 17:51:08.723746 UTC
219,77.27,hydraulicpressure,2022-10-19 17:55:15.865385 UTC
220,0.96,powerfactor,2022-10-19 17:40:09.237021 UTC
220,20.46,temperature,2022-10-19 17:51:09.224486 UTC
220,75.29,hydraulicpressure,2022-10-19 17:55:16.366229 UTC
221,0.8,powerfactor,2022-10-19 17:40:09.737979 UTC
221,22.52,temperature,2022-10-19 17:51:09.725227 UTC
221,72.61,hydraulicpressure,2022-10-19 17:55:16.867200 UTC
222,0.93,powerfactor,2022-10-19 17:40:10.239277 UTC
222,24.97,temperature,2022-10-19 17:51:10.225986 UTC
222,75.6,hydraulicpressure,2022-10-19 17:55:17.368088 UTC
223,0.99,powerfactor,2022-10-19 17:40:10.740154 UTC
223,23.74,temperature,2022-10-19 17:51:10.726747 UTC
223,71.88,hydraulicpressure,2022-10-19 17:55:17.869005 UTC
224,0.99,powerfactor,2022-10-19 17:40:11.241065 UTC
224,20.34,temperature,2022-10-19 17:51:11.227468 UTC
224,76.51,hydraulicpressure,2022-10-19 17:55:18.369778 UTC
225,0.78,powerfactor,2022-10-19 17:40:11.742366 UTC
225,22.95,temperature,2022-10-19 17:51:11.728191 UTC
225,73.8,hydraulicpressure,2022-10-19 17:55:18.870645 UTC
226,0.76,powerfactor,2022-10-19 17:40:12.243326 UTC
226,20.76,temperature,2022-10-19 17:51:12.228941 UTC
226,72.48,hydraulicpressure,2022-10-19 17:55:19.371426 UTC
227,0.72,powerfactor,2022-10-19 17:40:12.744202 UTC
227,20.65,temperature,2022-10-19 17:51:12.729675 UTC
227,72.68,hydraulicpressure,2022-10-19 17:55:19.872248 UTC
228,0.9,powerfactor,2022-10-19 17:40:13.245062 UTC
228,23.25,temperature,2022-10-19 17:51:13.230429 UTC
228,74.37,hydraulicpressure,2022-10-19 17:55:20.373138 UTC
229,0.8,powerfactor,2022-10-19 17:40:13.746051 UTC
229,23.37,temperature,2022-10-19 17:51:13.731154 UTC
229,79.66,hydraulicpressure,2022-10-19 17:55:20.874163 UTC
230,0.97,powerfactor,2022-10-19 17:40:14.246883 UTC
230,22.59,temperature,2022-10-19 17:51:14.231871 UTC
230,75.7,hydraulicpressure,2022-10-19 17:55:21.374761 UTC
231,0.75,powerfactor,2022-10-19 17:40:14.747731 UTC
231,20.1,temperature,2022-10-19 17:51:14.732634 UTC
231,72.08,hydraulicpressure,2022-10-19 17:55:21.875762 UTC
232,0.99,powerfactor,2022-10-19 17:40:15.248563 UTC
232,21.79,temperature,2022-10-19 17:51:15.233391 UTC
232,73.93,hydraulicpressure,2022-10-19 17:55:22.376655 UTC
233,0.8,powerfactor,2022-10-19 17:40:15.749389 UTC
233,20.24,temperature,2022-10-19 17:51:15.734126 UTC
233,73.96,hydraulicpressure,2022-10-19 17:55:22.877579 UTC
234,0.81,powerfactor,2022-10-19 17:40:16.250227 UTC
234,22.51,temperature,2022-10-19 17:51:16.234878 UTC
234,75.77,hydraulicpressure,2022-10-19 17:55:23.378498 UTC
235,0.88,powerfactor,2022-10-19 17:40:16.751113 UTC
235,20.26,temperature,2022-10-19 17:51:16.735650 UTC
235,72.06,hydraulicpressure,2022-10-19 17:55:23.879492 UTC
236,0.71,powerfactor,2022-10-19 17:40:17.251922 UTC
236,24.89,temperature,2022-10-19 17:51:17.236382 UTC
236,75.51,hydraulicpressure,2022-10-19 17:55:24.380445 UTC
237,0.89,powerfactor,2022-10-19 17:40:17.752853 UTC
237,20.43,temperature,2022-10-19 17:51:17.737279 UTC
237,73.74,hydraulicpressure,2022-10-19 17:55:24.881321 UTC
238,0.97,powerfactor,2022-10-19 17:40:18.253659 UTC
238,20.23,temperature,2022-10-19 17:51:18.238305 UTC
238,73.97,hydraulicpressure,2022-10-19 17:55:25.381725 UTC
239,0.79,powerfactor,2022-10-19 17:40:18.754403 UTC
239,22.88,temperature,2022-10-19 17:51:18.739077 UTC
239,70.91,hydraulicpressure,2022-10-19 17:55:25.882667 UTC
240,0.87,powerfactor,2022-10-19 17:40:19.255215 UTC
240,24.01,temperature,2022-10-19 17:51:19.239849 UTC
240,74.88,hydraulicpressure,2022-10-19 17:55:26.383494 UTC
241,0.9,powerfactor,2022-10-19 17:40:19.756022 UTC
241,20.82,temperature,2022-10-19 17:51:19.740575 UTC
241,76.92,hydraulicpressure,2022-10-19 17:55:26.884267 UTC
242,0.73,powerfactor,2022-10-19 17:40:20.256904 UTC
242,20.53,temperature,2022-10-19 17:51:20.241274 UTC
242,75.25,hydraulicpressure,2022-10-19 17:55:27.385068 UTC
243,0.8,powerfactor,2022-10-19 17:40:20.757801 UTC
243,23.24,temperature,2022-10-19 17:51:20.742041 UTC
243,75.68,hydraulicpressure,2022-10-19 17:55:27.885865 UTC
244,0.79,powerfactor,2022-10-19 17:40:21.258542 UTC
244,24.7,temperature,2022-10-19 17:51:21.242840 UTC
244,75.37,hydraulicpressure,2022-10-19 17:55:28.386677 UTC
245,0.84,powerfactor,2022-10-19 17:40:21.759308 UTC
245,20.38,temperature,2022-10-19 17:51:21.743566 UTC
245,75.47,hydraulicpressure,2022-10-19 17:55:28.887493 UTC
246,0.9,powerfactor,2022-10-19 17:40:22.260136 UTC
246,23.05,temperature,2022-10-19 17:51:22.244302 UTC
246,73.5,hydraulicpressure,2022-10-19 17:55:29.388241 UTC
247,0.92,powerfactor,2022-10-19 17:40:22.760542 UTC
247,20.77,temperature,2022-10-19 17:51:22.745082 UTC
247,73.65,hydraulicpressure,2022-10-19 17:55:29.889046 UTC
248,0.78,powerfactor,2022-10-19 17:40:23.261334 UTC
248,24.92,temperature,2022-10-19 17:51:23.245872 UTC
248,78.67,hydraulicpressure,2022-10-19 17:55:30.389817 UTC
249,0.9,powerfactor,2022-10-19 17:40:23.762120 UTC
249,22.19,temperature,2022-10-19 17:51:23.746664 UTC
249,72.12,hydraulicpressure,2022-10-19 17:55:30.890603 UTC
250,0.73,powerfactor,2022-10-19 17:40:24.262957 UTC
250,20.08,temperature,2022-10-19 17:51:24.247457 UTC
250,74.89,hydraulicpressure,2022-10-19 17:55:31.391363 UTC
251,0.88,powerfactor,2022-10-19 17:40:24.763722 UTC
251,20.62,temperature,2022-10-19 17:51:24.748191 UTC
251,70.02,hydraulicpressure,2022-10-19 17:55:31.892189 UTC
252,0.97,powerfactor,2022-10-19 17:40:25.264515 UTC
252,23.48,temperature,2022-10-19 17:51:25.248985 UTC
252,70.16,hydraulicpressure,2022-10-19 17:55:32.392954 UTC
253,0.74,powerfactor,2022-10-19 17:40:25.765185 UTC
253,20.71,temperature,2022-10-19 17:51:25.749711 UTC
253,71.25,hydraulicpressure,2022-10-19 17:55:32.893698 UTC
254,0.71,powerfactor,2022-10-19 17:40:26.266311 UTC
254,21.82,temperature,2022-10-19 17:51:26.250425 UTC
254,71.04,hydraulicpressure,2022-10-19 17:55:33.395684 UTC
255,0.92,powerfactor,2022-10-19 17:40:26.767142 UTC
255,20.28,temperature,2022-10-19 17:51:26.751173 UTC
255,77.5,hydraulicpressure,2022-10-19 17:55:33.896756 UTC
256,0.87,powerfactor,2022-10-19 17:40:27.268027 UTC
256,21.83,temperature,2022-10-19 17:51:27.251974 UTC
256,78.45,hydraulicpressure,2022-10-19 17:55:34.397532 UTC
257,0.97,powerfactor,2022-10-19 17:40:27.768789 UTC
257,21.64,temperature,2022-10-19 17:51:27.752732 UTC
257,70.76,hydraulicpressure,2022-10-19 17:55:34.898335 UTC
258,0.97,powerfactor,2022-10-19 17:40:28.269618 UTC
258,23.47,temperature,2022-10-19 17:51:28.253461 UTC
258,77.09,hydraulicpressure,2022-10-19 17:55:35.398745 UTC
259,0.89,powerfactor,2022-10-19 17:40:28.770184 UTC
259,20.92,temperature,2022-10-19 17:51:28.754205 UTC
259,79.28,hydraulicpressure,2022-10-19 17:55:35.899754 UTC
260,1.0,powerfactor,2022-10-19 17:40:29.271020 UTC
260,24.31,temperature,2022-10-19 17:51:29.254943 UTC
260,70.9,hydraulicpressure,2022-10-19 17:55:36.400651 UTC
261,0.96,powerfactor,2022-10-19 17:40:29.771799 UTC
261,21.43,temperature,2022-10-19 17:51:29.755674 UTC
261,78.34,hydraulicpressure,2022-10-19 17:55:36.901593 UTC
262,0.83,powerfactor,2022-10-19 17:40:30.272663 UTC
262,23.32,temperature,2022-10-19 17:51:30.256408 UTC
262,71.92,hydraulicpressure,2022-10-19 17:55:37.402435 UTC
263,0.75,powerfactor,2022-10-19 17:40:30.773197 UTC
263,22.34,temperature,2022-10-19 17:51:30.757132 UTC
263,71.57,hydraulicpressure,2022-10-19 17:55:37.903252 UTC
264,0.84,powerfactor,2022-10-19 17:40:31.274079 UTC
264,22.81,temperature,2022-10-19 17:51:31.257860 UTC
264,76.62,hydraulicpressure,2022-10-19 17:55:38.404102 UTC
265,0.94,powerfactor,2022-10-19 17:40:31.774862 UTC
265,23.96,temperature,2022-10-19 17:51:31.758608 UTC
265,78.73,hydraulicpressure,2022-10-19 17:55:38.905008 UTC
266,0.7,powerfactor,2022-10-19 17:40:32.275696 UTC
266,24.26,temperature,2022-10-19 17:51:32.259344 UTC
266,73.98,hydraulicpressure,2022-10-19 17:55:39.405898 UTC
267,0.79,powerfactor,2022-10-19 17:40:32.776511 UTC
267,24.66,temperature,2022-10-19 17:51:32.760094 UTC
267,71.36,hydraulicpressure,2022-10-19 17:55:39.906807 UTC
268,0.93,powerfactor,2022-10-19 17:40:33.277313 UTC
268,21.69,temperature,2022-10-19 17:51:33.260661 UTC
268,71.5,hydraulicpressure,2022-10-19 17:55:40.407785 UTC
269,0.99,powerfactor,2022-10-19 17:40:33.778149 UTC
269,23.87,temperature,2022-10-19 17:51:33.761421 UTC
269,71.66,hydraulicpressure,2022-10-19 17:55:40.908716 UTC
270,0.94,powerfactor,2022-10-19 17:40:34.279044 UTC
270,22.81,temperature,2022-10-19 17:51:34.262159 UTC
270,76.9,hydraulicpressure,2022-10-19 17:55:41.409574 UTC
271,0.73,powerfactor,2022-10-19 17:40:34.779898 UTC
271,21.59,temperature,2022-10-19 17:51:34.762833 UTC
271,76.06,hydraulicpressure,2022-10-19 17:55:41.910591 UTC
272,0.74,powerfactor,2022-10-19 17:40:35.280738 UTC
272,22.81,temperature,2022-10-19 17:51:35.263603 UTC
272,78.53,hydraulicpressure,2022-10-19 17:55:42.412504 UTC
273,0.89,powerfactor,2022-10-19 17:40:35.781557 UTC
273,21.98,temperature,2022-10-19 17:51:35.764366 UTC
273,79.78,hydraulicpressure,2022-10-19 17:55:42.913462 UTC
274,0.79,powerfactor,2022-10-19 17:40:36.282359 UTC
274,21.46,temperature,2022-10-19 17:51:36.265041 UTC
274,74.84,hydraulicpressure,2022-10-19 17:55:43.414308 UTC
275,0.84,powerfactor,2022-10-19 17:40:36.783168 UTC
275,24.77,temperature,2022-10-19 17:51:36.765759 UTC
275,77.03,hydraulicpressure,2022-10-19 17:55:43.915115 UTC
276,0.91,powerfactor,2022-10-19 17:40:37.284045 UTC
276,23.97,temperature,2022-10-19 17:51:37.266747 UTC
276,70.08,hydraulicpressure,2022-10-19 17:55:44.415631 UTC
277,0.99,powerfactor,2022-10-19 17:40:37.785028 UTC
277,23.23,temperature,2022-10-19 17:51:37.767465 UTC
277,70.42,hydraulicpressure,2022-10-19 17:55:44.916533 UTC
278,0.79,powerfactor,2022-10-19 17:40:38.285609 UTC
278,23.34,temperature,2022-10-19 17:51:38.268183 UTC
278,76.61,hydraulicpressure,2022-10-19 17:55:45.417394 UTC
279,0.84,powerfactor,2022-10-19 17:40:38.786436 UTC
279,21.11,temperature,2022-10-19 17:51:38.769005 UTC
279,75.9,hydraulicpressure,2022-10-19 17:55:45.918247 UTC
280,0.98,powerfactor,2022-10-19 17:40:39.287210 UTC
280,21.3,temperature,2022-10-19 17:51:39.269974 UTC
280,76.33,hydraulicpressure,2022-10-19 17:55:46.418990 UTC
281,0.85,powerfactor,2022-10-19 17:40:39.788061 UTC
281,22.27,temperature,2022-10-19 17:51:39.770672 UTC
281,73.93,hydraulicpressure,2022-10-19 17:55:46.919890 UTC
282,0.98,powerfactor,2022-10-19 17:40:40.289020 UTC
282,24.99,temperature,2022-10-19 17:51:40.271378 UTC
282,79.17,hydraulicpressure,2022-10-19 17:55:47.420750 UTC
283,0.85,powerfactor,2022-10-19 17:40:40.790038 UTC
283,24.54,temperature,2022-10-19 17:51:40.771721 UTC
283,79.26,hydraulicpressure,2022-10-19 17:55:47.921691 UTC
284,0.96,powerfactor,2022-10-19 17:40:41.291095 UTC
284,21.44,temperature,2022-10-19 17:51:41.272457 UTC
284,71.29,hydraulicpressure,2022-10-19 17:55:48.422587 UTC
285,0.95,powerfactor,2022-10-19 17:40:41.793031 UTC
285,23.59,temperature,2022-10-19 17:51:41.773139 UTC
285,78.85,hydraulicpressure,2022-10-19 17:55:48.923516 UTC
286,0.72,powerfactor,2022-10-19 17:40:42.293880 UTC
286,21.53,temperature,2022-10-19 17:51:42.273820 UTC
286,75.53,hydraulicpressure,2022-10-19 17:55:49.424377 UTC
287,0.72,powerfactor,2022-10-19 17:40:42.794697 UTC
287,20.15,temperature,2022-10-19 17:51:42.774502 UTC
287,76.68,hydraulicpressure,2022-10-19 17:55:49.925377 UTC
288,0.92,powerfactor,2022-10-19 17:40:43.295503 UTC
288,24.06,temperature,2022-10-19 17:51:43.275230 UTC
288,71.86,hydraulicpressure,2022-10-19 17:55:50.425711 UTC
289,0.99,powerfactor,2022-10-19 17:40:43.796320 UTC
289,23.92,temperature,2022-10-19 17:51:43.775955 UTC
289,76.33,hydraulicpressure,2022-10-19 17:55:50.926649 UTC
290,0.9,powerfactor,2022-10-19 17:40:44.297191 UTC
290,25.0,temperature,2022-10-19 17:51:44.276649 UTC
290,72.89,hydraulicpressure,2022-10-19 17:55:51.427560 UTC
291,0.81,powerfactor,2022-10-19 17:40:44.798056 UTC
291,20.83,temperature,2022-10-19 17:51:44.777348 UTC
291,76.33,hydraulicpressure,2022-10-19 17:55:51.927983 UTC
292,0.95,powerfactor,2022-10-19 17:40:45.299029 UTC
292,21.7,temperature,2022-10-19 17:51:45.278038 UTC
292,74.58,hydraulicpressure,2022-10-19 17:55:52.428707 UTC
293,0.8,powerfactor,2022-10-19 17:40:45.800298 UTC
293,23.66,temperature,2022-10-19 17:51:45.778718 UTC
293,73.5,hydraulicpressure,2022-10-19 17:55:52.929591 UTC
294,0.8,powerfactor,2022-10-19 17:40:46.301259 UTC
294,23.32,temperature,2022-10-19 17:51:46.279422 UTC
294,70.85,hydraulicpressure,2022-10-19 17:55:53.430351 UTC
295,0.95,powerfactor,2022-10-19 17:40:46.802198 UTC
295,22.76,temperature,2022-10-19 17:51:46.780103 UTC
295,70.15,hydraulicpressure,2022-10-19 17:55:53.930734 UTC
296,0.72,powerfactor,2022-10-19 17:40:47.303190 UTC
296,24.25,temperature,2022-10-19 17:51:47.280808 UTC
296,73.97,hydraulicpressure,2022-10-19 17:55:54.431594 UTC
297,0.82,powerfactor,2022-10-19 17:40:47.804198 UTC
297,20.89,temperature,2022-10-19 17:51:47.781497 UTC
297,78.7,hydraulicpressure,2022-10-19 17:55:54.932455 UTC
298,0.72,powerfactor,2022-10-19 17:40:48.305153 UTC
298,21.66,temperature,2022-10-19 17:51:48.282114 UTC
298,70.13,hydraulicpressure,2022-10-19 17:55:55.433174 UTC
299,0.78,powerfactor,2022-10-19 17:40:48.806245 UTC
299,21.12,temperature,2022-10-19 17:51:48.782827 UTC
299,75.35,hydraulicpressure,2022-10-19 17:55:55.934074 UTC
300,0.91,powerfactor,2022-10-19 17:40:49.307087 UTC
300,24.05,temperature,2022-10-19 17:51:49.283555 UTC
300,77.7,hydraulicpressure,2022-10-19 17:55:56.434666 UTC
301,0.96,powerfactor,2022-10-19 17:40:49.808070 UTC
301,20.62,temperature,2022-10-19 17:51:49.784227 UTC
301,75.55,hydraulicpressure,2022-10-19 17:55:56.935594 UTC
302,0.97,powerfactor,2022-10-19 17:40:50.309159 UTC
302,23.86,temperature,2022-10-19 17:51:50.284975 UTC
302,77.94,hydraulicpressure,2022-10-19 17:55:57.436468 UTC
303,0.87,powerfactor,2022-10-19 17:40:50.811349 UTC
303,22.57,temperature,2022-10-19 17:51:50.785673 UTC
303,73.47,hydraulicpressure,2022-10-19 17:55:57.937485 UTC
304,0.73,powerfactor,2022-10-19 17:40:51.312221 UTC
304,21.58,temperature,2022-10-19 17:51:51.286390 UTC
304,77.04,hydraulicpressure,2022-10-19 17:55:58.438372 UTC
305,0.91,powerfactor,2022-10-19 17:40:51.813974 UTC
305,22.9,temperature,2022-10-19 17:51:51.787098 UTC
305,73.52,hydraulicpressure,2022-10-19 17:55:58.939285 UTC
306,0.76,powerfactor,2022-10-19 17:40:52.314804 UTC
306,24.73,temperature,2022-10-19 17:51:52.287832 UTC
306,77.85,hydraulicpressure,2022-10-19 17:55:59.439761 UTC
307,0.79,powerfactor,2022-10-19 17:40:52.815125 UTC
307,20.32,temperature,2022-10-19 17:51:52.788539 UTC
307,70.92,hydraulicpressure,2022-10-19 17:55:59.940630 UTC
308,0.81,powerfactor,2022-10-19 17:40:53.315862 UTC
308,20.71,temperature,2022-10-19 17:51:53.289258 UTC
308,73.85,hydraulicpressure,2022-10-19 17:56:00.441577 UTC
309,0.93,powerfactor,2022-10-19 17:40:53.816162 UTC
309,20.73,temperature,2022-10-19 17:51:53.789962 UTC
309,76.03,hydraulicpressure,2022-10-19 17:56:00.942536 UTC
310,0.8,powerfactor,2022-10-19 17:40:54.316996 UTC
310,23.46,temperature,2022-10-19 17:51:54.290648 UTC
310,74.18,hydraulicpressure,2022-10-19 17:56:01.443377 UTC
311,1.0,powerfactor,2022-10-19 17:40:54.817760 UTC
311,20.29,temperature,2022-10-19 17:51:54.791342 UTC
311,78.22,hydraulicpressure,2022-10-19 17:56:01.944271 UTC
312,0.94,powerfactor,2022-10-19 17:40:55.318574 UTC
312,23.02,temperature,2022-10-19 17:51:55.292104 UTC
312,70.65,hydraulicpressure,2022-10-19 17:56:02.444774 UTC
313,0.82,powerfactor,2022-10-19 17:40:55.819397 UTC
313,24.85,temperature,2022-10-19 17:51:55.792823 UTC
313,77.18,hydraulicpressure,2022-10-19 17:56:02.945727 UTC
314,0.88,powerfactor,2022-10-19 17:40:56.320296 UTC
314,20.41,temperature,2022-10-19 17:51:56.293524 UTC
314,71.14,hydraulicpressure,2022-10-19 17:56:03.446636 UTC
315,0.99,powerfactor,2022-10-19 17:40:56.821202 UTC
315,24.06,temperature,2022-10-19 17:51:56.794262 UTC
315,73.75,hydraulicpressure,2022-10-19 17:56:03.947605 UTC
316,1.0,powerfactor,2022-10-19 17:40:57.322152 UTC
316,21.49,temperature,2022-10-19 17:51:57.294981 UTC
316,77.54,hydraulicpressure,2022-10-19 17:56:04.448384 UTC
317,0.85,powerfactor,2022-10-19 17:40:57.823053 UTC
317,23.07,temperature,2022-10-19 17:51:57.795673 UTC
317,76.22,hydraulicpressure,2022-10-19 17:56:04.949214 UTC
318,0.87,powerfactor,2022-10-19 17:40:58.323873 UTC
318,22.88,temperature,2022-10-19 17:51:58.296386 UTC
318,78.98,hydraulicpressure,2022-10-19 17:56:05.449682 UTC
319,0.88,powerfactor,2022-10-19 17:40:58.824691 UTC
319,24.83,temperature,2022-10-19 17:51:58.797103 UTC
319,74.56,hydraulicpressure,2022-10-19 17:56:05.950496 UTC
320,0.82,powerfactor,2022-10-19 17:40:59.325508 UTC
320,20.32,temperature,2022-10-19 17:51:59.297864 UTC
320,75.74,hydraulicpressure,2022-10-19 17:56:06.451248 UTC
321,0.99,powerfactor,2022-10-19 17:40:59.826354 UTC
321,23.09,temperature,2022-10-19 17:51:59.798597 UTC
321,78.71,hydraulicpressure,2022-10-19 17:56:06.952021 UTC
322,0.72,powerfactor,2022-10-19 17:41:00.327106 UTC
322,22.29,temperature,2022-10-19 17:52:00.299304 UTC
322,71.31,hydraulicpressure,2022-10-19 17:56:07.453063 UTC
323,0.72,powerfactor,2022-10-19 17:41:00.828017 UTC
323,20.54,temperature,2022-10-19 17:52:00.800015 UTC
323,78.92,hydraulicpressure,2022-10-19 17:56:07.953977 UTC
324,0.96,powerfactor,2022-10-19 17:41:01.328905 UTC
324,24.74,temperature,2022-10-19 17:52:01.300731 UTC
324,71.07,hydraulicpressure,2022-10-19 17:56:08.454675 UTC
325,0.78,powerfactor,2022-10-19 17:41:01.829812 UTC
325,20.46,temperature,2022-10-19 17:52:01.801683 UTC
325,71.75,hydraulicpressure,2022-10-19 17:56:08.955603 UTC
326,0.8,powerfactor,2022-10-19 17:41:02.330604 UTC
326,21.87,temperature,2022-10-19 17:52:02.302075 UTC
326,70.8,hydraulicpressure,2022-10-19 17:56:09.456380 UTC
327,0.77,powerfactor,2022-10-19 17:41:02.831442 UTC
327,20.2,temperature,2022-10-19 17:52:02.802780 UTC
327,76.25,hydraulicpressure,2022-10-19 17:56:09.957167 UTC
328,0.87,powerfactor,2022-10-19 17:41:03.332270 UTC
328,23.82,temperature,2022-10-19 17:52:03.303482 UTC
328,71.21,hydraulicpressure,2022-10-19 17:56:10.457713 UTC
329,0.92,powerfactor,2022-10-19 17:41:03.833109 UTC
329,23.84,temperature,2022-10-19 17:52:03.804190 UTC
329,75.45,hydraulicpressure,2022-10-19 17:56:10.958653 UTC
330,0.9,powerfactor,2022-10-19 17:41:04.333990 UTC
330,20.85,temperature,2022-10-19 17:52:04.304935 UTC
330,71.32,hydraulicpressure,2022-10-19 17:56:11.459575 UTC
331,0.89,powerfactor,2022-10-19 17:41:04.834914 UTC
331,22.16,temperature,2022-10-19 17:52:04.805692 UTC
331,73.94,hydraulicpressure,2022-10-19 17:56:11.960520 UTC
332,0.88,powerfactor,2022-10-19 17:41:05.335884 UTC
332,21.74,temperature,2022-10-19 17:52:05.306412 UTC
332,77.8,hydraulicpressure,2022-10-19 17:56:12.461298 UTC
333,0.75,powerfactor,2022-10-19 17:41:05.836858 UTC
333,21.08,temperature,2022-10-19 17:52:05.807100 UTC
333,78.08,hydraulicpressure,2022-10-19 17:56:12.962063 UTC
334,0.97,powerfactor,2022-10-19 17:41:06.337789 UTC